id,description,user_id
ff8081815f0d9dba015f0d9e48df0000,NULL,NULL
ff8081815f0d9dba015f0da6c1cb0001,des,NULL
ff8081815f1c5e84015f1c649d740001,t,3
ff8081815f1c5e84015f1c6500520002,t,3
ff8081815f1c7159015f1c71b0910000,t,NULL
ff8081815f1c7159015f1c71de970001,t,NULL
ff8081815f1c7d68015f1c801de30000,updated,1
ff8081815f2b2e1b015f2b57aa060044,mohtu,2
ff8081815f2ba266015f2bae838e0000,egxlr,1
ff8081815f2ba266015f2bae89990001,mfkrg,1
ff8081815f2ba266015f2bae8c3a0002,wekaz,1
ff8081815f2ba266015f2bae8f150003,qlipb,1
ff8081815f2ba266015f2bae92590004,kifoy,1
ff8081815f2ba266015f2bae92790005,fsdod,1
ff8081815f2ba266015f2bae95840006,aoopx,1
ff8081815f2ba266015f2bae96d50007,nkldc,1
ff8081815f2ba266015f2bae99240008,iesmr,1
ff8081815f2ba266015f2bae9a6d0009,vuejb,1
ff8081815f2ba266015f2bae9d64000a,jmujt,1
ff8081815f2ba266015f2bae9da5000b,zajrm,1
ff8081815f2ba266015f2baea05a000c,uqejy,1
ff8081815f2ba266015f2baea09f000d,tsipa,1
ff8081815f2ba266015f2baea3d1000e,szzed,1
ff8081815f2ba266015f2baea412000f,sdprb,1
ff8081815f2ba266015f2baea6e90010,bbert,1
ff8081815f2ba266015f2baea7e00011,hpyyb,1
ff8081815f2ba266015f2baeaa300012,xanlp,1
ff8081815f2ba266015f2baeab910013,ymqfa,1
ff8081815f2ba266015f2baead6d0014,wpute,1
ff8081815f2ba266015f2baeaefd0015,hvpvk,1
ff8081815f2ba266015f2baeb1260016,lwhfy,1
ff8081815f2ba266015f2baeb3820017,kixuf,1
ff8081815f2ba266015f2baeb4e40018,tlsjw,1
ff8081815f2ba266015f2baeb6c10019,jivzj,1
ff8081815f2ba266015f2baeb835001a,qxrvs,1
ff8081815f2ba266015f2baebaa5001b,riqbn,1
ff8081815f2ba266015f2baebba8001c,syryc,1
ff8081815f2ba266015f2baebe16001d,rcxkh,1
ff8081815f2ba266015f2baebf1d001e,odjcu,1
ff8081815f2ba266015f2baec1f3001f,dquue,1
ff8081815f2ba266015f2baec2840020,jqync,1
ff8081815f2ba266015f2baec5eb0021,usmwq,1
ff8081815f2ba266015f2baec65c0022,opkou,1
ff8081815f2ba266015f2baec94e0023,eridr,1
ff8081815f2ba266015f2baec9af0024,ndcyd,1
ff8081815f2ba266015f2baeccfe0025,dyqiy,1
ff8081815f2ba266015f2baecd290026,ntmqj,1
ff8081815f2ba266015f2baecf270027,gxpvy,1
ff8081815f2ba266015f2bb57c790028,jllep,1
ff8081815f2ba266015f2bb580740029,otlwk,1
ff8081815f2ba266015f2bb580b3002a,xmxsa,1
ff8081815f2ba266015f2bb584ab002b,ctrvp,1
ff8081815f2ba266015f2bb584b1002c,dkmbi,1
ff8081815f2ba266015f2bb589e5002d,uoaen,1
ff8081815f2ba266015f2bb589f1002e,omuoq,1
ff8081815f2ba266015f2bb58c1e002f,sljmk,1
ff8081815f2ba266015f2bb58d0f0030,qwtuy,1
ff8081815f2ba266015f2bb58f730031,ffryn,1
ff8081815f2ba266015f2bb58fb50032,mtspy,1
ff8081815f2ba266015f2bb591bc0033,gvgmr,1
ff8081815f2ba266015f2bb592710034,oqcke,1
ff8081815f2ba266015f2bb593880035,hshgb,1
ff8081815f2ba266015f2bb595940036,cjpra,1
ff8081815f2ba266015f2bb596b70037,jixnv,1
ff8081815f2ba266015f2bb599670038,uselt,1
ff8081815f2ba266015f2bb59a800039,hpxof,1
ff8081815f2ba266015f2bb59d89003a,ppnuw,1
ff8081815f2ba266015f2bb59e9c003b,uciaq,1
ff8081815f2ba266015f2bb5a26f003c,ymayu,1
ff8081815f2ba266015f2bb5a3eb003d,tbvut,1
ff8081815f2ba266015f2bb5a563003e,ncucp,1
ff8081815f2ba266015f2bb5a6ac003f,hlbdz,1
ff8081815f2ba266015f2bb5a9930040,ebqyc,1
ff8081815f2ba266015f2bb5aadf0041,mejgi,1
ff8081815f2ba266015f2bb5acf90042,rrszg,1
ff8081815f2ba266015f2bb5ae4f0043,ssvym,1
ff8081815f2ba266015f2bb5b0ec0044,onggl,1
ff8081815f2ba266015f2bb5b21c0045,hvbmx,1
ff8081815f2ba266015f2bb5b5270046,fbjyf,1
ff8081815f2ba266015f2bb5b6570047,hhxuw,1
ff8081815f2ba266015f2bb5b8fc0048,ezpnt,1
ff8081815f2ba266015f2bb5ba2c0049,dakff,1
ff8081815f2ba266015f2bb5bcbd004a,stgae,1
ff8081815f2ba266015f2bb5bde2004b,ycvkr,1
ff8081815f2ba266015f2bb5c0a0004c,fdpla,1
ff8081815f2ba266015f2bb5c390004d,xuyvg,1
ff8081815f2ba266015f2bb5c4ff004e,dimic,1
ff8081815f2ba266015f2bb5c61d004f,qwein,1
ff8081815f2ba266015f2bb86b7c0050,vfrgy,1
ff8081815f2ba266015f2bb86d750051,latgt,1
ff8081815f2ba266015f2bb86f4f0052,zanso,1
ff8081815f2ba266015f2bb871800053,wvtxf,1
ff8081815f2ba266015f2bb873cb0054,jwfjy,1
ff8081815f2ba266015f2bb8779a0055,nyzib,1
ff8081815f2ba266015f2bb878210056,muzlf,1
ff8081815f2ba266015f2bb87b0c0057,pdyhc,1
ff8081815f2ba266015f2bb87b420058,zwlpf,1
ff8081815f2ba266015f2bb87d4d0059,lgnuq,1
ff8081815f2ba266015f2bb87e12005a,desux,1
ff8081815f2ba266015f2bb87f39005b,ydspn,1
ff8081815f2ba266015f2bb881b0005c,edctf,1
ff8081815f2ba266015f2bb882d8005d,dkdkj,1
ff8081815f2ba266015f2bb8859c005e,ueggy,1
ff8081815f2ba266015f2bb886a7005f,fzgfq,1
ff8081815f2ba266015f2bb889270060,uksys,1
ff8081815f2ba266015f2bb88a560061,beyao,1
ff8081815f2ba266015f2bb88d230062,duyoi,1
ff8081815f2ba266015f2bb88e4c0063,akdte,1
ff8081815f2ba266015f2bb891230064,httcs,1
ff8081815f2ba266015f2bb892500065,etyzw,1
ff8081815f2ba266015f2bb895080066,mpyog,1
ff8081815f2ba266015f2bb8962d0067,kngle,1
ff8081815f2ba266015f2bb8991e0068,wmvbf,1
ff8081815f2ba266015f2bb89a380069,kmgyw,1
ff8081815f2ba266015f2bb89ce9006a,votob,1
ff8081815f2ba266015f2bb89e3a006b,foepl,1
ff8081815f2ba266015f2bb8a09a006c,yibmm,1
ff8081815f2ba266015f2bb8a1f9006d,qoofa,1
ff8081815f2ba266015f2bb8a47c006e,qamns,1
ff8081815f2ba266015f2bb8a5d9006f,ntohf,1
ff8081815f2ba266015f2bb8a8970070,gkkqd,1
ff8081815f2ba266015f2bb8a9d40071,tlhgl,1
ff8081815f2ba266015f2bb8acbb0072,xyewf,1
ff8081815f2ba266015f2bb8ade90073,ddtdr,1
ff8081815f2ba266015f2bb8b0710074,clbwb,1
ff8081815f2ba266015f2bb8b18f0075,lvrwa,1
ff8081815f2ba266015f2bb8b45d0076,gxtrn,1
ff8081815f2ba266015f2bb8b5710077,squta,1
ff8081815f2ba266015f2bb927f70078,urpsx,1
ff8081815f2ba266015f2bb92bfa0079,ygwnp,1
ff8081815f2ba266015f2bb92c52007a,yprdj,1
ff8081815f2ba266015f2bb93081007b,qvgxa,1
ff8081815f2ba266015f2bb930b0007c,cprmr,1
ff8081815f2ba266015f2bb934aa007d,njozr,1
ff8081815f2ba266015f2bb934f2007e,krysn,1
ff8081815f2ba266015f2bb937e3007f,stirs,1
ff8081815f2ba266015f2bb9380a0080,nckmx,1
ff8081815f2ba266015f2bb93ad40081,rvhso,1
ff8081815f2ba266015f2bb93ae30082,xxinb,1
ff8081815f2ba266015f2bb93cee0083,gfdlx,1
ff8081815f2ba266015f2bb93e270084,rsqxi,1
ff8081815f2ba266015f2bb93f960085,govnb,1
ff8081815f2ba266015f2bb941500086,kshbp,1
ff8081815f2ba266015f2bb9439c0087,hzkyj,1
ff8081815f2ba266015f2bb9462a0088,fzknx,1
ff8081815f2ba266015f2bb9482e0089,xcnly,1
ff8081815f2ba266015f2bb9498d008a,ghkln,1
ff8081815f2ba266015f2bb94aa6008b,mbjrz,1
ff8081815f2ba266015f2bb94ce3008c,eikwj,1
ff8081815f2ba266015f2bb94e0d008d,oqjzz,1
ff8081815f2ba266015f2bb950db008e,pnzon,1
ff8081815f2ba266015f2bb951f0008f,bszqk,1
ff8081815f2ba266015f2bb954bd0090,jgywn,1
ff8081815f2ba266015f2bb956310091,zdilg,1
ff8081815f2ba266015f2bb9591d0092,ovqgl,1
ff8081815f2ba266015f2bb95a350093,jchfs,1
ff8081815f2ba266015f2bb95ce60094,wjvxc,1
ff8081815f2ba266015f2bb95e990095,scpra,1
ff8081815f2ba266015f2bb9607f0096,yvgjq,1
ff8081815f2ba266015f2bb962060097,dvwme,1
ff8081815f2ba266015f2bb964830098,rkdiz,1
ff8081815f2ba266015f2bb965a60099,efldd,1
ff8081815f2ba266015f2bb96856009a,icucl,1
ff8081815f2ba266015f2bb96971009b,owmvo,1
ff8081815f2ba266015f2bb96c42009c,qumzw,1
ff8081815f2ba266015f2bb96d52009d,zyxmy,1
ff8081815f2ba266015f2bb97059009e,fvnge,1
ff8081815f2ba266015f2bb971be009f,mjtcg,1
ff8081815f2ba266015f2bbad57800a0,bmjcz,1
ff8081815f2ba266015f2bbad85b00a1,pyjjc,1
ff8081815f2ba266015f2bbad98b00a2,sfjms,1
ff8081815f2ba266015f2bbadd9b00a3,wxmrc,1
ff8081815f2ba266015f2bbaded900a4,tznlr,1
ff8081815f2ba266015f2bbae2aa00a5,dhqxg,1
ff8081815f2ba266015f2bbae34f00a6,vyqwt,1
ff8081815f2ba266015f2bbae5fa00a7,ywisi,1
ff8081815f2ba266015f2bbae65500a8,iysjo,1
ff8081815f2ba266015f2bbae8d500a9,axigl,1
ff8081815f2ba266015f2bbae8e100aa,woeke,1
ff8081815f2ba266015f2bbaeaec00ab,wzbob,1
ff8081815f2ba266015f2bbaec3e00ac,wkaqq,1
ff8081815f2ba266015f2bbaeda100ad,lwota,1
ff8081815f2ba266015f2bbaef4600ae,ehuou,1
ff8081815f2ba266015f2bbaf08300af,nallz,1
ff8081815f2ba266015f2bbaf31300b0,qapjc,1
ff8081815f2ba266015f2bbaf43b00b1,hazft,1
ff8081815f2ba266015f2bbaf6ec00b2,lbmwg,1
ff8081815f2ba266015f2bbaf84600b3,thanc,1
ff8081815f2ba266015f2bbafaed00b4,aokuq,1
ff8081815f2ba266015f2bbafbf700b5,manhk,1
ff8081815f2ba266015f2bbafe9f00b6,bqpxs,1
ff8081815f2ba266015f2bbaffd200b7,jjdhx,1
ff8081815f2ba266015f2bbb02d000b8,dwwud,1
ff8081815f2ba266015f2bbb03d800b9,uetli,1
ff8081815f2ba266015f2bbb06bb00ba,odpli,1
ff8081815f2ba266015f2bbb07c500bb,xoceh,1
ff8081815f2ba266015f2bbb0a5e00bc,ytlqc,1
ff8081815f2ba266015f2bbb0b8200bd,ystit,1
ff8081815f2ba266015f2bbb0e7c00be,ysryy,1
ff8081815f2ba266015f2bbb0f8700bf,xkjex,1
ff8081815f2ba266015f2bbb127900c0,uzexo,1
ff8081815f2ba266015f2bbb138900c1,krpva,1
ff8081815f2ba266015f2bbb166600c2,cqhig,1
ff8081815f2ba266015f2bbb177000c3,vxsgk,1
ff8081815f2ba266015f2bbb1a4b00c4,qsraq,1
ff8081815f2ba266015f2bbb1b7800c5,alvbu,1
ff8081815f2ba266015f2bbb1e1c00c6,yzxqc,1
ff8081815f2ba266015f2bbb1f4e00c7,kvbet,1
ff8081815f2ba266015f2bbc01bd00c8,emqyn,1
ff8081815f2ba266015f2bbc064a00c9,gylyy,1
ff8081815f2ba266015f2bbc064b00ca,cxlll,1
ff8081815f2ba266015f2bbc0af600cb,gybrq,1
ff8081815f2ba266015f2bbc0b7700cc,ffamw,1
ff8081815f2ba266015f2bbc0eb500cd,eishp,1
ff8081815f2ba266015f2bbc101600ce,epphm,1
ff8081815f2ba266015f2bbc126000cf,klyae,1
ff8081815f2ba266015f2bbc131700d0,trdfb,1
ff8081815f2ba266015f2bbc147c00d1,bzdsh,1
ff8081815f2ba266015f2bbc154000d2,gmuox,1
ff8081815f2ba266015f2bbc173e00d3,xejwk,1
ff8081815f2ba266015f2bbc17b700d4,xufza,1
ff8081815f2ba266015f2bbc195400d5,yjqic,1
ff8081815f2ba266015f2bbc1ae500d6,sezvf,1
ff8081815f2ba266015f2bbc1cfd00d7,clvag,1
ff8081815f2ba266015f2bbc1e6c00d8,deicz,1
ff8081815f2ba266015f2bbc1f9500d9,ckncp,1
ff8081815f2ba266015f2bbc224600da,svinq,1
ff8081815f2ba266015f2bbc235800db,tqlyp,1
ff8081815f2ba266015f2bbc263d00dc,werii,1
ff8081815f2ba266015f2bbc276300dd,obwmb,1
ff8081815f2ba266015f2bbc2a3e00de,rbxjm,1
ff8081815f2ba266015f2bbc2b5400df,bccqb,1
ff8081815f2ba266015f2bbc2e0b00e0,irkpt,1
ff8081815f2ba266015f2bbc2f1b00e1,spmht,1
ff8081815f2ba266015f2bbc31ec00e2,glrfw,1
ff8081815f2ba266015f2bbc331600e3,jvhjj,1
ff8081815f2ba266015f2bbc35e000e4,jviqg,1
ff8081815f2ba266015f2bbc370700e5,snvao,1
ff8081815f2ba266015f2bbc39df00e6,fnoru,1
ff8081815f2ba266015f2bbc3b0a00e7,hvygc,1
ff8081815f2ba266015f2bbc3dba00e8,aqfjo,1
ff8081815f2ba266015f2bbc3ec700e9,nxejz,1
ff8081815f2ba266015f2bbc419b00ea,kmcpg,1
ff8081815f2ba266015f2bbc42b600eb,mffwa,1
ff8081815f2ba266015f2bbc457f00ec,vlvmz,1
ff8081815f2ba266015f2bbc46c400ed,shpcv,1
ff8081815f2ba266015f2bbc496c00ee,ogroh,1
ff8081815f2ba266015f2bbc4a7600ef,uquxr,1
ff8081815f2ba266015f2bbda46a00f0,kulmj,1
ff8081815f2ba266015f2bbda59d00f1,lrwlv,1
ff8081815f2ba266015f2bbda76200f2,mqcyb,1
ff8081815f2ba266015f2bbda87b00f3,xwlqi,1
ff8081815f2ba266015f2bbdab6700f4,hwssm,1
ff8081815f2ba266015f2bbdac7600f5,tcouh,1
ff8081815f2ba266015f2bbdaf4500f6,zgixe,1
ff8081815f2ba266015f2bbdb04b00f7,bcylm,1
ff8081815f2ba266015f2bbdb31d00f8,moere,1
ff8081815f2ba266015f2bbdb44900f9,sbolp,1
ff8081815f2ba266015f2bbdb7be00fa,ntunv,1
ff8081815f2ba266015f2bbdb8d800fb,fwpzo,1
ff8081815f2ba266015f2bbdbb4000fc,yzyeb,1
ff8081815f2ba266015f2bbdbc5200fd,choao,1
ff8081815f2ba266015f2bbdbef300fe,dnfpj,1
ff8081815f2ba266015f2bbdc01600ff,wuyuq,1
ff8081815f2ba266015f2bbdc30c0100,dkzzp,1
ff8081815f2ba266015f2bbdc4280101,ffzoy,1
ff8081815f2ba266015f2bbdc7110102,ffosl,1
ff8081815f2ba266015f2bbdc82c0103,dbioo,1
ff8081815f2ba266015f2bbdcb0c0104,kxuwu,1
ff8081815f2ba266015f2bbdcc1a0105,jkeil,1
ff8081815f2ba266015f2bbdce720106,kfbqx,1
ff8081815f2ba266015f2bbdcfa20107,jgfih,1
ff8081815f2ba266015f2bbdd2730108,seknz,1
ff8081815f2ba266015f2bbdd3910109,lgokl,1
ff8081815f2ba266015f2bbdd6dc010a,yxsni,1
ff8081815f2ba266015f2bbdd7f8010b,cyuwm,1
ff8081815f2ba266015f2bbdda3b010c,pfbym,1
ff8081815f2ba266015f2bbddb8f010d,mbnum,1
ff8081815f2ba266015f2bbddf22010e,bkrqq,1
ff8081815f2ba266015f2bbde042010f,zlhqe,1
ff8081815f2ba266015f2bbde2350110,lpreq,1
ff8081815f2ba266015f2bbde3590111,gixzv,1
ff8081815f2ba266015f2bbde6510112,ytdlv,1
ff8081815f2ba266015f2bbde7520113,ykntr,1
ff8081815f2ba266015f2bbdea040114,ljzxy,1
ff8081815f2ba266015f2bbdeb210115,gdsbv,1
ff8081815f2ba266015f2bbdee880116,jyeos,1
ff8081815f2ba266015f2bbdefb00117,mshcf,1
ff8081815f2ba266015f2bbeaae00118,ccmex,1
ff8081815f2ba266015f2bbead720119,paphe,1
ff8081815f2ba266015f2bbeafcd011a,eaeaq,1
ff8081815f2ba266015f2bbeb386011b,fscat,1
ff8081815f2ba266015f2bbeb3e0011c,plyvx,1
ff8081815f2ba266015f2bbeb897011d,lrfgb,1
ff8081815f2ba266015f2bbeb8a7011e,lcylo,1
ff8081815f2ba266015f2bbebb30011f,srkce,1
ff8081815f2ba266015f2bbebb7c0120,jugyv,1
ff8081815f2ba266015f2bbebd7c0121,oznax,1
ff8081815f2ba266015f2bbebe0a0122,eydmx,1
ff8081815f2ba266015f2bbebf110123,pbepw,1
ff8081815f2ba266015f2bbec1140124,htfwu,1
ff8081815f2ba266015f2bbec2330125,xznft,1
ff8081815f2ba266015f2bbec4e50126,tnmbw,1
ff8081815f2ba266015f2bbec6120127,nshmp,1
ff8081815f2ba266015f2bbec8f80128,frvxi,1
ff8081815f2ba266015f2bbeca190129,ibwyu,1
ff8081815f2ba266015f2bbecce0012a,ecrxm,1
ff8081815f2ba266015f2bbecdfa012b,kdlfk,1
ff8081815f2ba266015f2bbed0ac012c,cfulr,1
ff8081815f2ba266015f2bbed1c5012d,lehzt,1
ff8081815f2ba266015f2bbed5a7012e,vnrta,1
ff8081815f2ba266015f2bbed6ca012f,lnbxu,1
ff8081815f2ba266015f2bbed8780130,ididb,1
ff8081815f2ba266015f2bbed9ae0131,yndpd,1
ff8081815f2ba266015f2bbedc940132,nihqu,1
ff8081815f2ba266015f2bbeddb80133,mydlj,1
ff8081815f2ba266015f2bbee05f0134,kggoy,1
ff8081815f2ba266015f2bbee1740135,qvavz,1
ff8081815f2ba266015f2bbee44c0136,zcqei,1
ff8081815f2ba266015f2bbee59b0137,pnywp,1
ff8081815f2ba266015f2bbee8310138,rclsq,1
ff8081815f2ba266015f2bbee9490139,huejt,1
ff8081815f2ba266015f2bbeec15013a,kynqk,1
ff8081815f2ba266015f2bbeed2b013b,otirt,1
ff8081815f2ba266015f2bbef026013c,ncjck,1
ff8081815f2ba266015f2bbef137013d,kdbgk,1
ff8081815f2ba266015f2bbef3f4013e,dymnb,1
ff8081815f2ba266015f2bbef51c013f,phcff,1
ff8081815f2ba266015f2bbf67550140,dmnit,1
ff8081815f2ba266015f2bbf6cf50141,ekdwo,1
ff8081815f2ba266015f2bbf6d260142,nwjpc,1
ff8081815f2ba266015f2bbf71ae0143,mxygl,1
ff8081815f2ba266015f2bbf72e70144,eflwa,1
ff8081815f2ba266015f2bbf757a0145,qivth,1
ff8081815f2ba266015f2bbf76f60146,xtxmg,1
ff8081815f2ba266015f2bbf78730147,jygqh,1
ff8081815f2ba266015f2bbf79f80148,blqyb,1
ff8081815f2ba266015f2bbf7b790149,krtee,1
ff8081815f2ba266015f2bbf7c2f014a,wycvt,1
ff8081815f2ba266015f2bbf7e0c014b,wqyup,1
ff8081815f2ba266015f2bbf7e19014c,vktoa,1
ff8081815f2ba266015f2bbf7fe4014d,kimto,1
ff8081815f2ba266015f2bbf80c3014e,tynkb,1
ff8081815f2ba266015f2bbf81d9014f,jyiul,1
ff8081815f2ba266015f2bbf84520150,kwayx,1
ff8081815f2ba266015f2bbf856e0151,cgnuj,1
ff8081815f2ba266015f2bbf88430152,lzbkg,1
ff8081815f2ba266015f2bbf89590153,zkbwq,1
ff8081815f2ba266015f2bbf8bfb0154,pydrx,1
ff8081815f2ba266015f2bbf8d990155,dnuha,1
ff8081815f2ba266015f2bbf902c0156,iavlr,1
ff8081815f2ba266015f2bbf91480157,sjrps,1
ff8081815f2ba266015f2bbf93f00158,ohkgi,1
ff8081815f2ba266015f2bbf94fa0159,hfnde,1
ff8081815f2ba266015f2bbf97ec015a,xbzke,1
ff8081815f2ba266015f2bbf990b015b,wozpn,1
ff8081815f2ba266015f2bbf9bb2015c,jqqng,1
ff8081815f2ba266015f2bbf9cee015d,tjsft,1
ff8081815f2ba266015f2bbf9fd0015e,bphax,1
ff8081815f2ba266015f2bbfa171015f,exfnv,1
ff8081815f2ba266015f2bbfa3ad0160,exkgi,1
ff8081815f2ba266015f2bbfa4ce0161,dujip,1
ff8081815f2ba266015f2bbfa7920162,yhcav,1
ff8081815f2ba266015f2bbfa8ba0163,yppup,1
ff8081815f2ba266015f2bbfab860164,ghiic,1
ff8081815f2ba266015f2bbfaca00165,gpevh,1
ff8081815f2ba266015f2bbfaf4b0166,mhnfl,1
ff8081815f2ba266015f2bbfb0630167,fjtid,1
ff8081815f2ba266015f2bc0a4a90168,uhixx,1
ff8081815f2ba266015f2bc0a7330169,tkpnn,1
ff8081815f2ba266015f2bc0a96c016a,jodbw,1
ff8081815f2ba266015f2bc0af01016b,nvutz,1
ff8081815f2ba266015f2bc0af04016c,pbdvi,1
ff8081815f2ba266015f2bc0b33b016d,rfchp,1
ff8081815f2ba266015f2bc0b426016e,qdaay,1
ff8081815f2ba266015f2bc0b619016f,kiaun,1
ff8081815f2ba266015f2bc0b7150170,jclwb,1
ff8081815f2ba266015f2bc0b89d0171,buxzn,1
ff8081815f2ba266015f2bc0b9260172,iifrk,1
ff8081815f2ba266015f2bc0bbdc0173,digkp,1
ff8081815f2ba266015f2bc0bc0d0174,ixjrt,1
ff8081815f2ba266015f2bc0beac0175,syrcm,1
ff8081815f2ba266015f2bc0ce0b0176,mddpj,1
ff8081815f2ba266015f2bc0d1d20177,bhwrs,1
ff8081815f2ba266015f2bc0d3c60178,lfgkm,1
ff8081815f2ba266015f2bc0d81e0179,ycdar,1
ff8081815f2ba266015f2bc0d92a017a,qrpej,1
ff8081815f2ba266015f2bc0dc48017b,bbvqs,1
ff8081815f2ba266015f2bc0dd0d017c,qxvxr,1
ff8081815f2ba266015f2bc0de9c017d,xsrju,1
ff8081815f2ba266015f2bc0dff4017e,aukxm,1
ff8081815f2ba266015f2bc0e179017f,asadu,1
ff8081815f2ba266015f2bc0e1790180,osbyx,1
ff8081815f2ba266015f2bc0e3590181,xogwl,1
ff8081815f2ba266015f2bc0e4100182,yemrz,1
ff8081815f2ba266015f2bc0e5430183,riinj,1
ff8081815f2ba266015f2bc0e7a50184,zkyor,1
ff8081815f2ba266015f2bc0e8d50185,uiytx,1
ff8081815f2ba266015f2bc0eba50186,usoop,1
ff8081815f2ba266015f2bc0ece60187,nzzdz,1
ff8081815f2ba266015f2bc0ef540188,atsco,1
ff8081815f2ba266015f2bc0f07d0189,gzkut,1
ff8081815f2ba266015f2bc0f33d018a,fhrit,1
ff8081815f2ba266015f2bc0f456018b,efkfm,1
ff8081815f2ba266015f2bc0f769018c,vppxk,1
ff8081815f2ba266015f2bc0f89f018d,oklfe,1
ff8081815f2ba266015f2bc0fb3f018e,wjhxw,1
ff8081815f2ba266015f2bc0fc5e018f,spgoe,1
ff8081815f2ba266015f2bc0ff380190,evekc,1
ff8081815f2ba266015f2bc100820191,pigrp,1
ff8081815f2ba266015f2bc102ee0192,kzgyq,1
ff8081815f2ba266015f2bc103f20193,udlbb,1
ff8081815f2ba266015f2bc106ed0194,ixamr,1
ff8081815f2ba266015f2bc107fe0195,ovulv,1
ff8081815f2ba266015f2bc10ad90196,ezarj,1
ff8081815f2ba266015f2bc10be00197,krjjd,1
ff8081815f2ba266015f2bc10ec10198,hzkqe,1
ff8081815f2ba266015f2bc10fc30199,gwngz,1
ff8081815f2ba266015f2bc11347019a,pokdd,1
ff8081815f2ba266015f2bc114e8019b,lufug,1
ff8081815f2ba266015f2bc11665019c,mddmz,1
ff8081815f2ba266015f2bc117a3019d,nadga,1
ff8081815f2ba266015f2bc1fa04019e,sawnk,1
ff8081815f2ba266015f2bc1fcea019f,bqnho,1
ff8081815f2ba266015f2bc1fe9101a0,etaer,1
ff8081815f2ba266015f2bc2027a01a1,juved,1
ff8081815f2ba266015f2bc2030801a2,xisif,1
ff8081815f2ba266015f2bc2076401a3,izskv,1
ff8081815f2ba266015f2bc2079a01a4,ztrms,1
ff8081815f2ba266015f2bc20a0401a5,remjm,1
ff8081815f2ba266015f2bc20a5801a6,lqpyd,1
ff8081815f2ba266015f2bc20c5201a7,vkdxp,1
ff8081815f2ba266015f2bc20ccd01a8,sdops,1
ff8081815f2ba266015f2bc20e1e01a9,jqbcd,1
ff8081815f2ba266015f2bc20fb501aa,upacg,1
ff8081815f2ba266015f2bc210fd01ab,zhddp,1
ff8081815f2ba266015f2bc2139a01ac,pdaey,1
ff8081815f2ba266015f2bc214fe01ad,rjnxb,1
ff8081815f2ba266015f2bc2175801ae,bixms,1
ff8081815f2ba266015f2bc218cc01af,uefum,1
ff8081815f2ba266015f2bc21b7801b0,vnnbw,1
ff8081815f2ba266015f2bc21c8d01b1,bibgl,1
ff8081815f2ba266015f2bc21fab01b2,qlgqn,1
ff8081815f2ba266015f2bc220bb01b3,vcklg,1
ff8081815f2ba266015f2bc2232201b4,jbszo,1
ff8081815f2ba266015f2bc224c901b5,djidz,1
ff8081815f2ba266015f2bc2270b01b6,mrssc,1
ff8081815f2ba266015f2bc2284901b7,mcxja,1
ff8081815f2ba266015f2bc22ae301b8,iexyg,1
ff8081815f2ba266015f2bc22c0a01b9,tkhph,1
ff8081815f2ba266015f2bc22fa101ba,ceqlm,1
ff8081815f2ba266015f2bc230b901bb,hlnqx,1
ff8081815f2ba266015f2bc2331901bc,irgyg,1
ff8081815f2ba266015f2bc234ac01bd,kznon,1
ff8081815f2ba266015f2bc236de01be,gjngv,1
ff8081815f2ba266015f2bc2384c01bf,msmbs,1
ff8081815f2ba266015f2bc23ad401c0,wpavj,1
ff8081815f2ba266015f2bc23be501c1,btxgz,1
ff8081815f2ba266015f2bc23eae01c2,zvnoy,1
ff8081815f2ba266015f2bc23fb601c3,kzyuw,1
ff8081815f2ba266015f2bc2429b01c4,ycrob,1
ff8081815f2ba266015f2bc243ae01c5,tddmg,1
ff8081815f2ba266015f2bc3a94801c6,gsbzs,1
ff8081815f2ba266015f2bc3ad9201c7,iqffk,1
ff8081815f2ba266015f2bc3ae8a01c8,xhlrx,1
ff8081815f2ba266015f2bc3b2f501c9,wuevw,1
ff8081815f2ba266015f2bc3b42e01ca,zbdjr,1
ff8081815f2ba266015f2bc3b70501cb,smyyz,1
ff8081815f2ba266015f2bc3b8cf01cc,gsxoj,1
ff8081815f2ba266015f2bc3b98b01cd,rptbu,1
ff8081815f2ba266015f2bc3bb2d01ce,ssakj,1
ff8081815f2ba266015f2bc3bbda01cf,vzfqw,1
ff8081815f2ba266015f2bc3bd6101d0,njzqb,1
ff8081815f2ba266015f2bc3bf5c01d1,elyvl,1
ff8081815f2ba266015f2bc3bf7401d2,afssq,1
ff8081815f2ba266015f2bc3c20b01d3,pajzw,1
ff8081815f2ba266015f2bc3c28d01d4,vtckn,1
ff8081815f2ba266015f2bc3c3e801d5,evguc,1
ff8081815f2ba266015f2bc3c57801d6,ywpfm,1
ff8081815f2ba266015f2bc3c69b01d7,uzhbx,1
ff8081815f2ba266015f2bc3ca3f01d8,mlrkj,1
ff8081815f2ba266015f2bc3cc2d01d9,btfeu,1
ff8081815f2ba266015f2bc3cd8d01da,tvtdi,1
ff8081815f2ba266015f2bc3ce9f01db,bynrt,1
ff8081815f2ba266015f2bc3d0fa01dc,xskbu,1
ff8081815f2ba266015f2bc3d27701dd,shudn,1
ff8081815f2ba266015f2bc3d50501de,pgmmf,1
ff8081815f2ba266015f2bc3d62201df,ozyno,1
ff8081815f2ba266015f2bc3e0a901e0,dzqrj,1
ff8081815f2ba266015f2bc3e5c701e1,fjdqo,1
ff8081815f2ba266015f2bc3e5e401e2,dochx,1
ff8081815f2ba266015f2bc3ec3401e3,frvxe,1
ff8081815f2ba266015f2bc3ed6801e4,mibhi,1
ff8081815f2ba266015f2bc3f1a701e5,aljjh,1
ff8081815f2ba266015f2bc3f35501e6,eugho,1
ff8081815f2ba266015f2bc3f39101e7,xegfg,1
ff8081815f2ba266015f2bc3f61801e8,tibdl,1
ff8081815f2ba266015f2bc3f6dd01e9,kbrgw,1
ff8081815f2ba266015f2bc3f82601ea,dazvl,1
ff8081815f2ba266015f2bc3f93001eb,lfqao,1
ff8081815f2ba266015f2bc3fab801ec,zwewf,1
ff8081815f2ba266015f2bc3fc6801ed,pwevj,1
ff8081815f2ba266015f2bc3fd1801ee,svfbt,1
ff8081815f2ba266015f2bc3ff0301ef,uwpof,1
ff8081815f2ba266015f2bc3ff1401f0,bjcyz,1
ff8081815f2ba266015f2bc4012101f1,vhsvt,1
ff8081815f2ba266015f2bc401d501f2,sscpu,1
ff8081815f2ba266015f2bc4032301f3,eyohe,1
ff8081815f2ba266015f2bc4056601f4,haivh,1
ff8081815f2ba266015f2bc4067d01f5,xmysp,1
ff8081815f2ba266015f2bc4093801f6,irsci,1
ff8081815f2ba266015f2bc40a5101f7,jraoe,1
ff8081815f2ba266015f2bc40d4f01f8,oeggc,1
ff8081815f2ba266015f2bc40e7c01f9,exdyt,1
ff8081815f2ba266015f2bc4120601fa,ouity,1
ff8081815f2ba266015f2bc4135901fb,ibvvo,1
ff8081815f2ba266015f2bc414d701fc,wzbuz,1
ff8081815f2ba266015f2bc415e201fd,fmbow,1
ff8081815f2ba266015f2bc418bc01fe,ulvct,1
ff8081815f2ba266015f2bc419f701ff,rdcmj,1
ff8081815f2ba266015f2bc41cc60200,sonqg,1
ff8081815f2ba266015f2bc41df30201,lpsia,1
ff8081815f2ba266015f2bc421270202,tusys,1
ff8081815f2ba266015f2bc4223c0203,naiwq,1
ff8081815f2ba266015f2bc424720204,uagsj,1
ff8081815f2ba266015f2bc425c90205,bmkfo,1
ff8081815f2ba266015f2bc428a50206,wkfuw,1
ff8081815f2ba266015f2bc429ab0207,fevbx,1
ff8081815f2ba266015f2bc7c85b0208,fnwkh,1
ff8081815f2ba266015f2bc7cc250209,pyvrr,1
ff8081815f2ba266015f2bc7cc43020a,hwxun,1
ff8081815f2ba266015f2bc7d01b020b,kvcvu,1
ff8081815f2ba266015f2bc7d02c020c,owzwh,1
ff8081815f2ba266015f2bc7d429020d,hrdhr,1
ff8081815f2ba266015f2bc7d443020e,ndwyo,1
ff8081815f2ba266015f2bc7d6e9020f,tpyjd,1
ff8081815f2ba266015f2bc7d6eb0210,iggeg,1
ff8081815f2ba266015f2bc7d8b10211,srjbu,1
ff8081815f2ba266015f2bc7d9fd0212,xmqxp,1
ff8081815f2ba266015f2bc7db0e0213,dnmrm,1
ff8081815f2ba266015f2bc7dd770214,pbmbs,1
ff8081815f2ba266015f2bc7de8c0215,xuzmf,1
ff8081815f2ba266015f2bc7e1d00216,uwpjj,1
ff8081815f2ba266015f2bc7e3010217,kfiwt,1
ff8081815f2ba266015f2bc7e51c0218,gayhv,1
ff8081815f2ba266015f2bc7e66a0219,pcxwe,1
ff8081815f2ba266015f2bc7e962021a,htvrk,1
ff8081815f2ba266015f2bc7eaf7021b,lrqfh,1
ff8081815f2ba266015f2bc7ecf1021c,yvols,1
ff8081815f2ba266015f2bc7ee03021d,egljm,1
ff8081815f2ba266015f2bc7f0f6021e,axrvd,1
ff8081815f2ba266015f2bc7f227021f,vbowf,1
ff8081815f2ba266015f2bc7f50e0220,ttmpp,1
ff8081815f2ba266015f2bc7f6570221,dfpbg,1
ff8081815f2ba266015f2bc7f9200222,yfcey,1
ff8081815f2ba266015f2bc7faf80223,tykui,1
ff8081815f2ba266015f2bc7fca40224,iaerc,1
ff8081815f2ba266015f2bc7fdeb0225,ttqds,1
ff8081815f2ba266015f2bc802100226,exiyt,1
ff8081815f2ba266015f2bc803430227,lewix,1
ff8081815f2ba266015f2bc8048b0228,fsmde,1
ff8081815f2ba266015f2bc806360229,aoeqm,1
ff8081815f2ba266015f2bc808d3022a,dhjsx,1
ff8081815f2ba266015f2bc80a02022b,jkeqc,1
ff8081815f2ba266015f2bc80c4c022c,afplh,1
ff8081815f2ba266015f2bc80d52022d,dkprm,1
ff8081815f2ba266015f2bc81081022e,nuivd,1
ff8081815f2ba266015f2bc81208022f,sasic,1
